TEMA,FRASE,USADA,FECHA_USADA
DINERO,Poderoso caballero es don Dinero. – Francisco de Quevedo.,FALSE,
DINERO,El dinero es el estiércol del diablo; pero es un abono excelente. – Proverbio popular.,FALSE,
DINERO,"El dinero es una nueva forma de esclavitud, distinguible de la antigua solo por el hecho de que es impersonal. – León Tolstói.",FALSE,
DINERO,El dinero es la esencia alienada del trabajo y de la existencia del hombre. – Karl Marx.,FALSE,
DINERO,El dinero no es más que un valor de cambio; su único valor real es lo que se puede comprar con él. – Adam Smith.,FALSE,
DINERO,"El dinero es como el sexto sentido; sin él, no puedes usar los otros cinco. – Somerset Maugham.",FALSE,
DINERO,El dinero es un sol de bolsillo. – Victor Hugo.,FALSE,
DINERO,El dinero es el lenguaje universal. – Aphra Behn.,FALSE,
DINERO,La moneda es la libertad acuñada. – Fiódor Dostoyevski.,FALSE,
DINERO,El dinero es el dios de nuestro tiempo. – Friedrich Nietzsche.,FALSE,
DINERO,El dinero es el único poder al que todos se inclinan. – Ralph Waldo Emerson.,FALSE,
DINERO,"El capital es trabajo muerto que, al modo de un vampiro, vive solo de succionar trabajo vivo. – Karl Marx.",FALSE,
DINERO,El dinero es una garantía de que tendremos lo que queramos en el futuro. – Aristóteles.,FALSE,
DINERO,El oro hace que lo feo parezca hermoso. – Molière.,FALSE,
DINERO,El dinero es el gran nivelador. – Thomas Carlyle.,FALSE,
DINERO,Un banco es un lugar donde te prestan un paraguas cuando hace buen tiempo y te lo piden cuando empieza a llover. – Robert Frost.,FALSE,
DINERO,"El dinero es como el agua: si no corre, se estanca y se pudre. – Refrán anónimo.",TRUE,2026-03-09
DINERO,"El dinero no cambia a la gente, solo la desenmascara. – Henry Ford.",FALSE,
DINERO,El dinero habla un lenguaje que todas las naciones entienden. – Aphra Behn.,FALSE,
DINERO,"El dinero es un sirviente increíble, pero un amo terrible. – Francis Bacon.",TRUE,2026-03-09
DINERO,"La riqueza no consiste en tener grandes posesiones, sino en tener pocas necesidades. – Epicteto.",FALSE,
DINERO,"El sabio no ama la riqueza, pero prefiere tenerla. – Séneca.",FALSE,
DINERO,La riqueza es la esclava del sabio y la dueña del necio. – Séneca.,FALSE,
DINERO,Nada es suficiente para quien lo suficiente es poco. – Epicuro.,FALSE,
DINERO,El que es rico en amigos es pobre en nada. – Proverbio.,FALSE,
DINERO,"La pobreza no viene por la disminución de las riquezas, sino por la multiplicación de los deseos. – Platón.",FALSE,
DINERO,"Muchos hombres no poseen su riqueza, su riqueza los posee a ellos. – Robert G. Ingersoll.",FALSE,
DINERO,El hombre que tiene poco no es pobre; el que desea mucho es el verdadero pobre. – Séneca.,FALSE,
DINERO,La riqueza de un hombre se mide por la cantidad de cosas de las que puede prescindir. – Henry David Thoreau.,FALSE,
DINERO,"Si quieres ser rico, no te afanes en aumentar tus bienes, sino en disminuir tu codicia. – Epicuro.",TRUE,2026-03-09
DINERO,"La verdadera riqueza consiste en el uso, no en la posesión. – Esopo.",FALSE,
DINERO,El dinero es una de las cosas más baratas. Lo más caro es lo que no se puede comprar. – Proverbio oriental.,FALSE,
DINERO,¿Quién es rico? El que se regocija en su porción. – El Talmud.,FALSE,
DINERO,Un hombre es rico en proporción a las cosas que puede permitirse dejar en paz. – Thoreau.,FALSE,
DINERO,La riqueza es un gran estorbo para el aprendizaje. – Epicuro.,FALSE,
DINERO,"Es más fácil que un camello pase por el ojo de una aguja, que un rico entre en el reino de Dios. – Mateo 19:24.",FALSE,
DINERO,"La opulencia es un robo, si no se comparte. – Erasmo de Rotterdam.",FALSE,
DINERO,El desprecio de las riquezas era en los filósofos un deseo oculto de vengar su mérito del abandono de la fortuna. – François de La Rochefoucauld.,FALSE,
DINERO,"No estimes el dinero ni más ni menos de lo que vale, porque es un buen siervo y un mal amo. – Alejandro Dumas.",FALSE,
DINERO,"Aquel que cree que el dinero lo hace todo, termina haciendo todo por dinero. – Voltaire.",FALSE,
DINERO,"El dinero no da la felicidad, pero procura una sensación tan parecida, que solo un especialista muy avanzado podría verificar la diferencia. – Woody Allen.",FALSE,
DINERO,"La felicidad no consiste en tener mucho dinero, sino en tener lo que uno desea. – Aristóteles.",FALSE,
DINERO,El dinero es la felicidad humana en abstracto. – Arthur Schopenhauer.,FALSE,
DINERO,"Quien cree que el dinero no compra la felicidad, no sabe dónde ir de compras. – Gertrude Stein.",FALSE,
DINERO,Prefiero llorar en un Rolls Royce que ser feliz en una bicicleta. – Patrizia Reggiani.,FALSE,
DINERO,"El dinero no da la felicidad, pero calma los nervios. – Sean O'Casey.",FALSE,
DINERO,"La felicidad es una dirección, no un lugar. – Sydney J. Harris.",FALSE,
DINERO,"Tener dinero es como tener salud: su ausencia se nota, su presencia se olvida. – Anónimo.",FALSE,
DINERO,"El dinero compra el placer, pero no el amor. – Proverbio.",FALSE,
DINERO,Demasiado dinero es tan peligroso como la falta de él. – Proverbio.,FALSE,
DINERO,Hay gente tan pobre que solo tiene dinero. – Atribuido a Bob Marley.,FALSE,
DINERO,La falta de dinero es la raíz de todo mal. – Mark Twain (parodiando la Biblia).,FALSE,
DINERO,"Cuando el dinero habla, la verdad calla. – Proverbio chino.",FALSE,
DINERO,El dinero no compra la vida. – Bob Marley.,FALSE,
DINERO,El éxito es tener lo que quieres; la felicidad es querer lo que tienes. – Dale Carnegie.,FALSE,
DINERO,No se puede servir a Dios y al Dinero. – Jesucristo.,FALSE,
DINERO,El dinero es un valor que permite no depender de nadie. – Albert Camus.,FALSE,
DINERO,"La felicidad no es un objetivo, es un subproducto. – Eleanor Roosevelt.",FALSE,
DINERO,"El dinero es como el brazo derecho: útil si se usa, inútil si se guarda. – Anónimo.",FALSE,
DINERO,El dinero solo es útil cuando se gasta. – Atribuido a varios economistas.,FALSE,
DINERO,La avaricia es un pozo sin fondo que agota a la persona en un esfuerzo interminable por satisfacer su necesidad. – Erich Fromm.,FALSE,
DINERO,"El mundo tiene suficiente para las necesidades de todos, pero no para la codicia de todos. – Mahatma Gandhi.",FALSE,
DINERO,La codicia es la raíz de todos los males. – 1 Timoteo 6:10.,FALSE,
DINERO,El que ama el dinero no se saciará de dinero. – Eclesiastés 5:10.,FALSE,
DINERO,La ambición es el último refugio del fracaso. – Oscar Wilde.,FALSE,
DINERO,"El dinero es como el agua salada: cuanto más se bebe, más sed da. – Arthur Schopenhauer.",FALSE,
DINERO,"La riqueza es como el humo; si no sale por la chimenea, ahoga al dueño. – Refrán.",FALSE,
DINERO,El lujo es una necesidad que empieza donde acaba la necesidad. – Coco Chanel.,FALSE,
DINERO,"El ahorro es una virtud, especialmente cuando tus antepasados lo han practicado por ti. – Winston Churchill.",FALSE,
DINERO,Un necio y su dinero pronto se separan. – Thomas Tusser.,FALSE,
DINERO,Nada es tan difícil de soportar como una serie de días buenos. – Goethe (sobre la complacencia de la riqueza).,FALSE,
DINERO,"El que persigue dos conejos, no atrapa ninguno. – Confucio.",FALSE,
DINERO,El precio de cualquier cosa es la cantidad de vida que intercambias por ella. – Henry David Thoreau.,FALSE,
DINERO,La especulación es solo una palabra para designar la esperanza de los tontos. – Anónimo.,FALSE,
DINERO,"Donde hay dinero, hay demonios. – San Jerónimo.",FALSE,
DINERO,La propiedad es un robo. – Pierre-Joseph Proudhon.,FALSE,
DINERO,El capital no tiene patria. – Napoleón Bonaparte.,FALSE,
DINERO,La riqueza consiste mucho más en el disfrute que en la posesión. – Aristóteles.,TRUE,2026-03-09
DINERO,El que tiene dinero tiene en el bolsillo a los que no lo tienen. – León Tolstói.,FALSE,
DINERO,"Si el dinero es tu esperanza de independencia, nunca la tendrás. – Henry Ford.",FALSE,
DINERO,El tiempo es dinero. – Benjamin Franklin.,FALSE,
DINERO,Gasta tu dinero en las cosas que el dinero puede comprar. Gasta tu tiempo en las cosas que el dinero no puede comprar. – Haruki Murakami.,FALSE,
DINERO,La economía es el arte de sacar el mayor provecho de la vida. – George Bernard Shaw.,FALSE,
DINERO,"No pongas tu confianza en el dinero, pero pon tu dinero en confianza. – Oliver Wendell Holmes.",FALSE,
DINERO,"Cuando el último árbol sea cortado y el último pez pescado, el hombre se dará cuenta de que el dinero no se puede comer. – Proverbio Cree.",FALSE,
DINERO,El capitalista te venderá la soga con la que lo vas a colgar. – Atribuido a Lenin.,FALSE,
DINERO,El mercado es un lugar creado para que los hombres se engañen unos a otros. – Anacarsis.,FALSE,
DINERO,"El dinero es una herramienta. Te llevará a donde desees, pero no te reemplazará como conductor. – Ayn Rand.",FALSE,
DINERO,Un hombre con un millón de dólares es tan feliz como si fuera rico. – Arnold Schwarzenegger (con humor).,FALSE,
DINERO,"El presupuesto le dice a tu dinero a dónde ir, en lugar de preguntarte a dónde se fue. – John Maxwell.",FALSE,
DINERO,El dinero es el único poder que no necesita ser justificado. – Anónimo.,FALSE,
DINERO,"Si quieres saber lo que Dios piensa del dinero, solo mira a la gente a la que se lo ha dado. – Dorothy Parker.",FALSE,
DINERO,El trabajo es el padre y la tierra es la madre de la riqueza. – William Petty.,FALSE,
DINERO,La clase media es aquella que tiene que trabajar para pagar por las cosas que no necesita. – Anónimo.,FALSE,
DINERO,La inflación es cuando pagas quince dólares por el corte de pelo de diez dólares que antes pagabas cinco cuando tenías pelo. – Sam Ewing.,FALSE,
DINERO,El interés compuesto es la octava maravilla del mundo. – Albert Einstein.,FALSE,
DINERO,No puedes comprar el cielo con dinero. – Proverbio.,FALSE,
DINERO,La bolsa es un juego que consiste en pasar de mano en mano una brasa encendida. – Nathaniel Rothschild.,FALSE,
DINERO,La prosperidad es el mejor protector de la paz. – James Madison.,FALSE,
DINERO,"Al final, no importa cuánto dinero tengas, solo cuántas vidas tocaste. – Anónimo.",FALSE,
AMOR,"Platón: Al contacto del amor, todo el mundo se vuelve poeta.",FALSE,
AMOR,Aristóteles: El amor se compone de una sola alma que habita en dos cuerpos.,FALSE,
AMOR,"Séneca: Si quieres ser amado, ama.",FALSE,
AMOR,"Epicuro: No es tanto la ayuda de nuestros amigos lo que nos ayuda, sino la confianza de su ayuda.",FALSE,
AMOR,"Platón: El amor es la alegría de los buenos, la reflexión de los sabios, el asombro de los incrédulos.",FALSE,
AMOR,San Agustín: La medida del amor es amar sin medida.,FALSE,
AMOR,Cicerón: Nadie hay que no ame; la cuestión es qué es lo que ama.,FALSE,
AMOR,"Plutarco: Donde no hay amor, no hay dolor.",TRUE,2026-03-09
AMOR,Sófocles: Una palabra nos libera de todo el peso y el dolor de la vida: esa palabra es amor.,FALSE,
AMOR,Platón: El amor es una enfermedad mental grave. (Incluso los genios tienen sus días cínicos).,FALSE,
AMOR,"Friedrich Nietzsche: Lo que se hace por amor, ocurre siempre más allá del bien y del mal.",FALSE,
AMOR,Jean-Paul Sartre: El amor es una empresa temeraria.,FALSE,
AMOR,"Simone de Beauvoir: El día que sea posible para la mujer amar no por debilidad sino por fortaleza, el amor será para ella una fuente de vida y no un peligro mortal.",FALSE,
AMOR,Baruch Spinoza: El amor es una alegría acompañada por la idea de una causa externa.,FALSE,
AMOR,"Arthur Schopenhauer: Todo amor, por etéreo que quiera ser, tiene sus raíces en el instinto sexual.",FALSE,
AMOR,José Ortega y Gasset: En el amor nos parece que nos hemos quedado solos con el universo.,FALSE,
AMOR,"Immanuel Kant: El corazón humano tiene un deseo de amor, pero también un deseo de independencia.",FALSE,
AMOR,Blaise Pascal: El corazón tiene razones que la razón no entiende.,TRUE,2026-03-09
AMOR,"Søren Kierkegaard: El amor es todo, es la mayor alegría, pero es también el dolor más profundo.",FALSE,
AMOR,"Friedrich Nietzsche: No es la falta de amor, sino la falta de amistad lo que hace que los matrimonios sean infelices.",FALSE,
AMOR,Erich Fromm: El amor infantil sigue el principio: 'Amo porque me aman'. El amor maduro sigue el principio: 'Me aman porque amo'.,TRUE,2026-03-09
AMOR,Antoine de Saint-Exupéry: Amar no es mirarse el uno al otro; es mirar juntos en la misma dirección.,FALSE,
AMOR,Gabriel Marcel: Amar a alguien es decirle: tú no morirás jamás.,FALSE,
AMOR,"Stendhal: El amor es una flor deliciosa, pero es preciso tener el valor de ir a buscarla al borde de un precipicio horrible.",FALSE,
AMOR,Viktor Frankl: El amor es la meta última y más alta a la que puede aspirar el hombre.,FALSE,
AMOR,"Carl Jung: Donde el amor impera, no hay deseo de poder; y donde el poder predomina, falta el amor.",FALSE,
AMOR,"Erich Fromm: El amor no es algo natural. Más bien requiere disciplina, concentración, paciencia y fe.",FALSE,
AMOR,Octavio Paz: El amor es una apuesta temeraria por la libertad.,FALSE,
AMOR,"Bertrand Russell: Temer al amor es temer a la vida, y los que temen a la vida ya están medio muertos.",FALSE,
AMOR,Miguel de Unamuno: Se quiere más lo que se ha conquistado con fatiga.,FALSE,
AMOR,"Lao Tzu: Ser profundamente amado por alguien te da fuerza, mientras que amar a alguien profundamente te da valor.",FALSE,
AMOR,"Rumi: Tu tarea no es buscar el amor, sino simplemente buscar y encontrar todas las barreras dentro de ti que has construido contra él.",FALSE,
AMOR,"Buda: Tú mismo, tanto como cualquier otro en el universo entero, mereces tu amor y afecto.",FALSE,
AMOR,Khalil Gibran: El amor no da nada más que a sí mismo y no toma nada más que de sí mismo.,FALSE,
AMOR,"Confucio: Dondequiera que vayas, ve con todo tu corazón.",FALSE,
AMOR,"Jiddu Krishnamurti: En el momento en que tienes amor, no estás siguiendo a nadie.",FALSE,
AMOR,"Rabindranath Tagore: El amor es un misterio infinito, porque no tiene causa que lo explique.",FALSE,
AMOR,"Rumi: Donde hay ruinas, hay esperanza de un tesoro.",FALSE,
AMOR,Hafez: El amor es el puente entre tú y todo.,FALSE,
AMOR,Daisaku Ikeda: El amor debe ser una fuerza que nos impulse a ser mejores.,FALSE,
AMOR,"William Shakespeare: El amor no mira con los ojos, sino con el alma.",FALSE,
AMOR,"Victor Hugo: La suprema felicidad de la vida es saber que eres amado por ti mismo o, más exactamente, a pesar de ti mismo.",FALSE,
AMOR,Dante Alighieri: El amor mueve el sol y las demás estrellas.,FALSE,
AMOR,"Lord Byron: El amor del hombre es algo aparte en su vida; para la mujer, es su existencia entera.",FALSE,
AMOR,Oscar Wilde: Amarse a uno mismo es el comienzo de un romance de por vida.,FALSE,
AMOR,Johann Wolfgang von Goethe: Amamos a una persona porque ella es lo que nosotros no somos.,FALSE,
AMOR,Federico García Lorca: El amor es el beso que se da con el alma.,FALSE,
AMOR,"Pablo Neruda: Para mi corazón basta tu pecho, para tu libertad bastan mis alas.",FALSE,
AMOR,Jorge Luis Borges: Estar contigo o no estar contigo es la medida de mi tiempo.,FALSE,
AMOR,Gustave Flaubert: El amor es un manantial que se agota si no se alimenta de algo nuevo cada día.,FALSE,
AMOR,François de La Rochefoucauld: Es más difícil ocultar los sentimientos que tenemos que fingir los que no tenemos.,FALSE,
AMOR,George Bernard Shaw: El primer amor es un poco de locura y mucha curiosidad.,FALSE,
AMOR,"Michel de Montaigne: Si me preguntan por qué le amaba, siento que solo puede expresarse respondiendo: porque era él; porque era yo.",FALSE,
AMOR,David Hume: El amor es la emoción más poderosa de la mente humana.,FALSE,
AMOR,Immanuel Kant: La amistad es el amor sin alas.,FALSE,
AMOR,"Zygmunt Bauman: En el amor líquido, los lazos son frágiles y las relaciones son precarias.",FALSE,
AMOR,Albert Camus: No ser amado es una simple desventura; la verdadera desgracia es no amar.,FALSE,
AMOR,"Hannah Arendt: El amor, por su propia naturaleza, no es mundano.",FALSE,
AMOR,Thomas Hobbes: El deseo de amor es el deseo de poder sobre los demás.,FALSE,
AMOR,Byung-Chul Han: El amor hoy se ha convertido en una mercancía de consumo.,FALSE,
AMOR,Hegel: El amor es la conciencia de mi unidad con el otro.,FALSE,
AMOR,Francis Bacon: Es imposible amar y ser sabio al mismo tiempo.,FALSE,
AMOR,"Lev Tolstói: El que solo conoce a su mujer y la ama, sabe más de mujeres que el que ha conocido a mil.",FALSE,
AMOR,Simone Weil: Amar es aceptar que el otro sea distinto a uno.,FALSE,
AMOR,Fiodor Dostoyevski: ¿Qué es el infierno? Yo sostengo que es el sufrimiento de no poder amar.,FALSE,
AMOR,Charles Bukowski: El amor es una forma de prejuicio. Amas lo que necesitas.,FALSE,
AMOR,Giacomo Casanova: El amor es tres cuartas partes curiosidad.,FALSE,
AMOR,Honoré de Balzac: El amor es la poesía de los sentidos.,FALSE,
AMOR,Denis Diderot: Solo las grandes pasiones pueden elevar el alma a grandes cosas.,FALSE,
AMOR,Ralph Waldo Emerson: Todo el mundo ama a un amante.,FALSE,
AMOR,Henry David Thoreau: No hay más remedio para el amor que amar más.,FALSE,
AMOR,Albert Einstein: El amor es mejor maestro que el deber.,FALSE,
AMOR,Virginia Woolf: Nadie ha amado como nosotros amamos.,FALSE,
AMOR,"Emily Dickinson: El amor es anterior a la vida, posterior a la muerte.",FALSE,
AMOR,Marcel Proust: Casi no hay amor en el que no haya una parte de invención.,FALSE,
AMOR,Milan Kundera: El amor es el deseo de encontrar la mitad perdida de nosotros mismos.,FALSE,
AMOR,"Isabel Allende: Tal vez estamos en este mundo para buscar el amor, encontrarlo y perderlo, una y otra vez.",FALSE,
AMOR,"Julio Cortázar: Ven a dormir conmigo: no haremos el amor, él nos hará.",FALSE,
AMOR,"Mario Benedetti: Sé que voy a quererte sin preguntas, sé que vas a quererme sin respuestas.",FALSE,
AMOR,"Gabriel García Márquez: El problema del matrimonio es que se acaba todas las noches después de hacer el amor, y hay que volver a reconstruirlo todas las mañanas antes del desayuno.",FALSE,
AMOR,Sandro Pertini: El amor es la fuerza que transforma y mejora el alma del mundo.,FALSE,
AMOR,"Erasmo de Rotterdam: En el amor, la locura es siempre un componente esencial.",FALSE,
AMOR,Molière: El amor es un gran maestro: nos enseña a ser lo que nunca fuimos.,FALSE,
AMOR,"Alfred de Musset: El amor es un sueño, pero el matrimonio es la alarma.",FALSE,
AMOR,"Benjamin Franklin: Si quieres ser amado, sé amable.",FALSE,
AMOR,"Mark Twain: Para obtener el valor total de la alegría, debes tener a alguien con quien dividirla.",FALSE,
AMOR,"Paulo Coelho: Cuando amamos, siempre nos esforzamos por ser mejores de lo que somos.",FALSE,
AMOR,"John Lennon: Todo lo que necesitas es amor. (Filosofía pop, pero filosofía al fin).",FALSE,
AMOR,Anatole France: Es mejor haber amado y perdido que jamás haber amado.,FALSE,
AMOR,"Hermann Hesse: Si sé lo que es el amor, es por ti.",FALSE,
AMOR,Felicité de Lamennais: El amor y la fe son las dos fuerzas que mueven al mundo.,FALSE,
AMOR,"Jean de La Bruyère: Solo hay un amor verdadero, pero hay mil copias diferentes.",FALSE,
AMOR,Madame de Staël: El amor es el emblema de la eternidad; confunde toda noción de tiempo.,FALSE,
AMOR,Pierre Corneille: El amor que nace de repente es el más difícil de curar.,FALSE,
AMOR,Graham Greene: Es imposible amar y ser políticamente correcto.,FALSE,
AMOR,"Aldous Huxley: El amor expulsa el miedo y, a su vez, el miedo expulsa al amor.",FALSE,
AMOR,Umberto Eco: El amor es más sabio que la sabiduría.,FALSE,
AMOR,Zygmunt Bauman: Amar significa abrirse al destino.,FALSE,
AMOR,Simone de Beauvoir: El amor auténtico debería basarse en el reconocimiento mutuo de dos libertades.,FALSE,
AMOR,"Anónimo (Sabiduría Popular): El amor es como el Wi-Fi: está en el aire, pero no todos tienen la contraseña.",FALSE,
ANSIEDAD,La ansiedad es el vértigo de la libertad. — Søren Kierkegaard.,FALSE,
ANSIEDAD,"El hombre está condenado a ser libre; porque una vez arrojado al mundo, es responsable de todo lo que hace. — Jean-Paul Sartre.",FALSE,
ANSIEDAD,"No es el miedo a algo concreto, sino el miedo a la nada misma. — Martin Heidegger.",FALSE,
ANSIEDAD,La existencia precede a la esencia. — Jean-Paul Sartre.,FALSE,
ANSIEDAD,La ansiedad es la disposición fundamental que nos coloca ante la nada. — Martin Heidegger.,FALSE,
ANSIEDAD,"Elegir es ser libre, y la libertad es la fuente de toda angustia. — Søren Kierkegaard.",FALSE,
ANSIEDAD,El hombre no es nada más que lo que hace de sí mismo. — Jean-Paul Sartre.,FALSE,
ANSIEDAD,La angustia es el modo de ser de la libertad como conciencia del ser. — Jean-Paul Sartre.,FALSE,
ANSIEDAD,Aceptar nuestra finitud es el primer paso para superar la ansiedad por la muerte. — Martin Heidegger.,FALSE,
ANSIEDAD,La vida comienza al otro lado de la desesperación. — Jean-Paul Sartre.,FALSE,
ANSIEDAD,Sufrimos más a menudo en la imaginación que en la realidad. — Séneca.,FALSE,
ANSIEDAD,"No son las cosas las que nos perturban, sino nuestra interpretación de ellas. — Epicteto.",FALSE,
ANSIEDAD,"Tienes poder sobre tu mente, no sobre los acontecimientos externos. Date cuenta de esto y encontrarás la fuerza. — Marco Aurelio.",FALSE,
ANSIEDAD,La felicidad es un flujo de vida tranquilo. — Zenón de Citio.,FALSE,
ANSIEDAD,¿Por qué habrías de preocuparte por el futuro? Vive el presente con rectitud. — Marco Aurelio.,FALSE,
ANSIEDAD,"El hombre que sufre antes de que sea necesario, sufre más de lo necesario. — Séneca.",FALSE,
ANSIEDAD,"Nuestra ansiedad no proviene de pensar en el futuro, sino de querer controlarlo. — Jalil Gibran (influencia estoica).",FALSE,
ANSIEDAD,La mayor parte de lo que decimos y hacemos no es necesario. — Marco Aurelio.,FALSE,
ANSIEDAD,No busques que los eventos sucedan como quieres; desea que sucedan como suceden. — Epicteto.,FALSE,
ANSIEDAD,La tranquilidad es nada menos que el buen orden de la mente. — Marco Aurelio.,FALSE,
ANSIEDAD,"Si estás ansioso, estás viviendo en el futuro. Si estás en paz, estás viviendo en el presente. — Lao Tzu (atribuida).",FALSE,
ANSIEDAD,La raíz del sufrimiento es el apego. — Buda.,FALSE,
ANSIEDAD,"Nada es permanente en este mundo malvado, ni siquiera nuestros problemas. — Charlie Chaplin (perspectiva budista).",FALSE,
ANSIEDAD,"Si tiene solución, ¿por qué te preocupas? Si no la tiene, ¿por qué te preocupas? — Proverbio budista.",FALSE,
ANSIEDAD,El hoy es el único tiempo que tenemos para ser felices. — Thich Nhat Hanh.,FALSE,
ANSIEDAD,La ansiedad es como una mecedora: te da algo que hacer pero no te lleva a ninguna parte. — Proverbio indio.,FALSE,
ANSIEDAD,Fluye con todo lo que ocurra y deja que tu mente sea libre. — Zhuangzi.,FALSE,
ANSIEDAD,La paz mental llega cuando dejas de querer cambiar a los demás y te enfocas en ti. — Proverbio Zen.,FALSE,
ANSIEDAD,"No habites en el pasado, no sueñes con el futuro, concentra la mente en el momento presente. — Buda.",FALSE,
ANSIEDAD,"Bebe tu té lentamente y con reverencia, como si fuera el eje sobre el que gira la tierra. — Thich Nhat Hanh.",FALSE,
ANSIEDAD,La ansiedad es el precio que pagamos por la civilización. — Sigmund Freud.,FALSE,
ANSIEDAD,"A lo que te resistes, persiste. — Carl Jung.",FALSE,
ANSIEDAD,La preocupación es una forma de arrogancia: creer que puedes controlar el mañana. — Alan Watts.,FALSE,
ANSIEDAD,"No soy lo que me pasó, soy lo que elijo ser. — Carl Jung.",FALSE,
ANSIEDAD,La ansiedad es un ruido que indica que algo en nuestra alma necesita atención. — Alain de Botton.,FALSE,
ANSIEDAD,"Vivir es lo más raro del mundo. La mayoría de la gente existe, eso es todo. — Oscar Wilde.",FALSE,
ANSIEDAD,"La mente es su propio lugar, y en sí misma puede hacer un cielo del infierno. — John Milton.",FALSE,
ANSIEDAD,"El hombre moderno vive bajo la ilusión de saber lo que quiere, mientras que en realidad solo quiere lo que se supone que debe querer. — Erich Fromm.",FALSE,
ANSIEDAD,La soledad es el camino por el que el destino se busca a sí mismo. — Hermann Hesse.,FALSE,
ANSIEDAD,"Nadie puede construirte el puente sobre el cual debas cruzar el río de la vida, nadie excepto tú mismo. — Friedrich Nietzsche.",FALSE,
ANSIEDAD,Debemos imaginar a Sísifo feliz. — Albert Camus.,FALSE,
ANSIEDAD,"En medio del invierno, aprendí por fin que había en mí un verano invencible. — Albert Camus.",FALSE,
ANSIEDAD,"Lo que no me mata, me hace más fuerte. — Friedrich Nietzsche.",FALSE,
ANSIEDAD,"Quien tiene un porqué para vivir, puede soportar casi cualquier cómo. — Viktor Frankl.",FALSE,
ANSIEDAD,La mayor arma contra el estrés es nuestra capacidad de elegir un pensamiento sobre otro. — William James.,FALSE,
ANSIEDAD,"El secreto de la existencia humana no solo está en vivir, sino en saber para qué se vive. — Fiódor Dostoyevski.",FALSE,
ANSIEDAD,No dejes que el ruido de las opiniones ajenas silencie tu propia voz interior. — Steve Jobs.,FALSE,
ANSIEDAD,"La vida es una tragedia de cerca, pero una comedia de lejos. — Charlie Chaplin.",FALSE,
ANSIEDAD,"La ansiedad no vacía el mañana de sus penas, sino que vacía el hoy de su fuerza. — Charles Spurgeon.",FALSE,
ANSIEDAD,"Amor Fati: Ama tu destino, que es en realidad tu propia vida. — Friedrich Nietzsche.",FALSE,
ANSIEDAD,Pensar demasiado es el arte de crear problemas que no existían.,FALSE,
ANSIEDAD,La calma es el superpoder del hombre moderno.,FALSE,
ANSIEDAD,El miedo llamó a la puerta. La fe abrió. No había nadie.,FALSE,
ANSIEDAD,No cruces el puente hasta que llegues a él.,FALSE,
ANSIEDAD,La ansiedad es solo energía sin dirección.,FALSE,
ANSIEDAD,El futuro es un lugar que no existe más que en tu mente.,FALSE,
ANSIEDAD,"Tu mente es un jardín, tus pensamientos son las semillas.",FALSE,
ANSIEDAD,"Lo que te preocupa, te esclaviza. — Locke.",FALSE,
ANSIEDAD,La paciencia es la forma más suave de la valentía.,FALSE,
ANSIEDAD,Incluso la noche más oscura terminará y el sol saldrá. — Victor Hugo.,FALSE,
ANSIEDAD,Ser consciente es estar vivo.,FALSE,
ANSIEDAD,"La duda es el principio de la sabiduría, pero la ansiedad es el fin del descanso.",FALSE,
ANSIEDAD,"No te tomes la vida tan en serio, al fin y al cabo no saldrás vivo de ella. — Elbert Hubbard.",FALSE,
ANSIEDAD,La paz comienza con una sonrisa. — Teresa de Calcuta.,FALSE,
ANSIEDAD,El miedo es el camino hacia el lado oscuro. — Yoda (Filosofía pop).,FALSE,
ANSIEDAD,"La realidad es aquello que, incluso cuando dejas de creer en ello, no desaparece. — Philip K. Dick.",FALSE,
ANSIEDAD,"La ansiedad es un maestro estricto, pero un maestro al fin.",FALSE,
ANSIEDAD,Aprender a dejar ir es la clave de la libertad.,FALSE,
ANSIEDAD,"Todo pasa, nada queda.",FALSE,
ANSIEDAD,"La vida es cambio, la resistencia es dolor.",FALSE,
ANSIEDAD,Nuestros pensamientos son los arquitectos de nuestro destino.,FALSE,
ANSIEDAD,"La imaginación es una herramienta, no dejes que sea tu carcelera.",FALSE,
ANSIEDAD,El ruido exterior no es nada comparado con el ruido interior.,FALSE,
ANSIEDAD,La ansiedad es el parásito de la anticipación.,FALSE,
ANSIEDAD,"No somos lo que pensamos, somos los que observan los pensamientos.",FALSE,
ANSIEDAD,Domina tus sentidos y dominarás tu miedo.,FALSE,
ANSIEDAD,La claridad mental es el resultado del desapego emocional.,FALSE,
ANSIEDAD,Preocuparse es como pagar una deuda que no debes.,FALSE,
ANSIEDAD,"La mente es un excelente servidor, pero un amo terrible.",FALSE,
ANSIEDAD,El silencio es el lenguaje de la paz.,FALSE,
ANSIEDAD,"Acepta lo que es, deja ir lo que fue, ten fe en lo que será.",FALSE,
ANSIEDAD,Tu respiración es tu ancla en la tormenta.,FALSE,
ANSIEDAD,"La vulnerabilidad no es debilidad, es nuestra mayor medida de coraje. — Brené Brown.",FALSE,
ANSIEDAD,"No puedes detener las olas, pero puedes aprender a surfear. — Jon Kabat-Zinn.",FALSE,
ANSIEDAD,La alegría de vivir viene de encuentros con nuevas experiencias. — Christopher McCandless.,FALSE,
ANSIEDAD,Sé aquí ahora. — Ram Dass.,FALSE,
ANSIEDAD,Cada mañana nacemos de nuevo. Lo que hacemos hoy es lo que más importa.,FALSE,
ANSIEDAD,"La cura para todo es siempre agua salada: el sudor, las lágrimas o el mar. — Isak Dinesen.",FALSE,
ANSIEDAD,Mira hacia las estrellas y no hacia tus pies. — Stephen Hawking.,FALSE,
ANSIEDAD,La única salida es a través. — Robert Frost.,FALSE,
ANSIEDAD,La felicidad no es algo hecho. Viene de tus propias acciones. — Dalai Lama.,FALSE,
ANSIEDAD,El universo no tiene la obligación de tener sentido para ti. — Neil deGrasse Tyson.,FALSE,
ANSIEDAD,"Haz lo que puedas, con lo que tengas, donde estés. — Theodore Roosevelt.",FALSE,
ANSIEDAD,Un viaje de mil millas comienza con un solo paso. — Lao Tzu.,FALSE,
ANSIEDAD,No dejes que lo que no puedes hacer interfiera con lo que puedes hacer.,FALSE,
ANSIEDAD,La simplicidad es la máxima sofisticación. — Da Vinci.,FALSE,
ANSIEDAD,La vida es 10% lo que te pasa y 90% cómo reaccionas.,FALSE,
ANSIEDAD,Tu hogar es tu mente; asegúrate de que sea un lugar agradable para vivir.,FALSE,
ANSIEDAD,La ansiedad susurra mentiras sobre el futuro; la verdad grita en el presente.,FALSE,
ANSIEDAD,Esto también pasará. — Leyenda sufí.,FALSE,
SALUD,Que tu alimento sea tu medicina y tu medicina tu alimento. – Hipócrates,FALSE,
SALUD,La salud es la mayor de las bendiciones humanas. – Hipócrates,FALSE,
SALUD,Mente sana en cuerpo sano. – Juvenal,FALSE,
SALUD,Parte de la curación está en la voluntad de sanar. – Séneca,FALSE,
SALUD,"La salud no es un bien que se posee, sino una armonía que se mantiene. – Plotino",FALSE,
SALUD,"El médico cura, la naturaleza sana. – Aristóteles",FALSE,
SALUD,No se puede curar el cuerpo sin curar el alma. – Sócrates,FALSE,
SALUD,"La enfermedad es un impedimento para el cuerpo, pero no para la voluntad. – Epicteto",TRUE,2026-03-09
SALUD,Nada es tan perjudicial para la salud como el cambio frecuente de remedios. – Séneca,FALSE,
SALUD,"La vida no es solo vivir, sino estar bien. – Marcial",FALSE,
SALUD,"La brevedad de la vida no es el problema, sino el desperdicio de la salud. – Séneca",FALSE,
SALUD,"El que tiene salud tiene esperanza; y el que tiene esperanza, lo tiene todo. – Proverbio Árabe",FALSE,
SALUD,La salud es la medida de la libertad. – Pericles,FALSE,
SALUD,No hay placer que valga si el cuerpo sufre. – Epicuro,FALSE,
SALUD,El exceso en la comida es el enemigo de la vida. – Cicerón,FALSE,
SALUD,La templanza es la mejor medicina. – Platón,FALSE,
SALUD,Un cuerpo débil debilita el espíritu. – Jean-Jacques Rousseau (influencia clásica),FALSE,
SALUD,La salud es el silencio de los órganos. – René Leriche,FALSE,
SALUD,Cuida tu cuerpo; es el único lugar que tienes para vivir. – Anónimo,FALSE,
SALUD,La mejor medicina de todas es enseñarle a la gente cómo no necesitarla. – Hipócrates,FALSE,
SALUD,La salud es la mayor posesión. – Lao Tse,FALSE,
SALUD,"Mantener el cuerpo en buena salud es un deber; de lo contrario, no podremos mantener nuestra mente fuerte y clara. – Buda",FALSE,
SALUD,El hombre sabio debería considerar que la salud es la mayor de las bendiciones humanas. – Buda,FALSE,
SALUD,La tensión es quien crees que deberías ser. La relajación es quien eres. – Proverbio Chino,FALSE,
SALUD,Un viaje de mil millas comienza con un solo paso hacia el bienestar. – Lao Tse,FALSE,
SALUD,"La salud es el regalo más grande, la satisfacción la mayor riqueza. – Buda",FALSE,
SALUD,"Donde hay paz y meditación, no hay ansiedad ni duda. – Francisco de Asís",FALSE,
SALUD,El cuerpo es el templo del espíritu. – Proverbio Hindú,FALSE,
SALUD,"Quien gana salud, gana tiempo. – Proverbio Chino",FALSE,
SALUD,"La mente es el maestro, el cuerpo es el sirviente. – Dhammapada",FALSE,
SALUD,La verdadera curación es el retorno a la unidad. – Tao Te Ching,FALSE,
SALUD,El agua que corre nunca se estanca; el cuerpo que se mueve nunca se enferma. – Proverbio Chino,FALSE,
SALUD,"La salud no se compra, se cultiva. – Confucio",FALSE,
SALUD,"La enfermedad entra por la boca, pero sale por la mente. – Proverbio Zen",FALSE,
SALUD,Estar en armonía con el Tao es la salud suprema. – Zhuangzi,FALSE,
SALUD,La risa es el mejor desinfectante del alma. – Proverbio Oriental,FALSE,
SALUD,"Si no cuidas tu salud hoy, mañana tendrás que cuidar tu enfermedad. – Proverbio Chino",FALSE,
SALUD,El silencio es el sueño que nutre la sabiduría. – Francis Bacon,FALSE,
SALUD,La paciencia es la raíz de la salud. – Proverbio Japonés,FALSE,
SALUD,No busques la salud fuera de ti mismo. – Dogen,FALSE,
SALUD,La salud es ese estado en el que el individuo se siente libre de obstáculos. – Immanuel Kant,FALSE,
SALUD,La mayor de las locuras es sacrificar la salud por cualquier otro tipo de felicidad. – Arthur Schopenhauer,FALSE,
SALUD,He decidido ser feliz porque es bueno para la salud. – Voltaire,FALSE,
SALUD,La salud es la armonía de la vida dentro de nosotros. – Ralph Waldo Emerson,FALSE,
SALUD,"Un cuerpo sano es la habitación del alma; uno enfermo, su prisión. – Francis Bacon",FALSE,
SALUD,La salud es la primera riqueza. – Ralph Waldo Emerson,FALSE,
SALUD,La enfermedad es el campo de batalla de la vida. – Friedrich Nietzsche,FALSE,
SALUD,"Aquel que tiene un 'porqué' para vivir, puede soportar casi cualquier 'cómo'. – Viktor Frankl",FALSE,
SALUD,La salud es una relación entre tú y tu cuerpo. – Terry Guillemets,FALSE,
SALUD,"Lo que no me mata, me hace más fuerte. – Friedrich Nietzsche",FALSE,
SALUD,La salud es el equilibrio entre el hombre y su entorno. – Karl Marx,FALSE,
SALUD,El hombre gasta su salud para ganar dinero y luego gasta su dinero para recuperar su salud. – Dalai Lama,FALSE,
SALUD,La verdadera salud es la capacidad de vivir plenamente la propia vida. – Michel Foucault,FALSE,
SALUD,No es señal de salud estar bien adaptado a una sociedad profundamente enferma. – Jiddu Krishnamurti,FALSE,
SALUD,La salud es la libertad de ser quien eres. – Sartre,FALSE,
SALUD,"Para disfrutar de una buena salud, uno debe ser humilde. – Dostoievski",FALSE,
SALUD,La medicina es el arte de acompañar al paciente mientras la naturaleza cura. – Voltaire,FALSE,
SALUD,La salud es la base de toda virtud. – Thomas Jefferson,FALSE,
SALUD,"Sin salud, la vida no es vida; es solo un estado de languidez. – François Rabelais",FALSE,
SALUD,"La salud es un estado de completa armonía física, mental y social. – OMS (Definición filosófica moderna)",FALSE,
SALUD,Tus pensamientos son los arquitectos de tu destino físico. – David Viscott,FALSE,
SALUD,El corazón alegre es la mejor medicina. – Proverbio Bíblico,FALSE,
SALUD,La enfermedad es el grito del alma que no ha sido escuchada. – C.G. Jung,FALSE,
SALUD,"La curación es un proceso, no un evento. – Anne Wilson Schaef",FALSE,
SALUD,Nuestros cuerpos son nuestros jardines; nuestras voluntades son los jardineros. – William Shakespeare,FALSE,
SALUD,"La mente tiene una gran influencia sobre el cuerpo, y las enfermedades a menudo tienen allí su origen. – Molière",FALSE,
SALUD,La salud no es algo que simplemente te sucede; es algo que tú creas. – Deepak Chopra,FALSE,
SALUD,El síntoma es solo el mensajero. – Anónimo,FALSE,
SALUD,"Para cambiar el cuerpo, primero debes cambiar la mente. – Platón",FALSE,
SALUD,El cuerpo nunca miente. – Martha Graham,FALSE,
SALUD,La salud es la integración del alma con el cuerpo. – Stefan Zweig,FALSE,
SALUD,Sentirse bien es la forma más alta de inteligencia. – Anónimo,FALSE,
SALUD,El miedo es el mayor enemigo de la salud. – Mahatma Gandhi,FALSE,
SALUD,La calma es la base de la vitalidad. – Alejandro Jodorowsky,FALSE,
SALUD,"La salud mental es tan importante como la física, porque el cerebro es el motor del cuerpo. – Anónimo",FALSE,
SALUD,Una mala actitud es como un neumático pinchado; no puedes ir a ningún lado hasta que lo cambies. – Anónimo,FALSE,
SALUD,"El estrés es la basura de la vida moderna; todos la generamos, pero si no la eliminas, te consume. – Terri Guillemets",FALSE,
SALUD,La salud es un estado de paz interior. – Wayne Dyer,FALSE,
SALUD,"Toda curación es, en última instancia, curación espiritual. – Mary Baker Eddy",FALSE,
SALUD,La risa es el sol que ahuyenta el invierno del rostro humano. – Victor Hugo,FALSE,
SALUD,"Aquel que no tiene tiempo para el ejercicio, tendrá que encontrar tiempo para la enfermedad. – Edward Stanley",FALSE,
SALUD,La salud es como el dinero: nunca tenemos una idea real de su valor hasta que la perdemos. – Josh Billings,FALSE,
SALUD,Dormir es la cadena de oro que une la salud y nuestros cuerpos. – Thomas Dekker,FALSE,
SALUD,La mejor medicina es el descanso y el ayuno. – Benjamin Franklin,FALSE,
SALUD,Caminar es la mejor medicina del hombre. – Hipócrates,FALSE,
SALUD,La salud es el resultado de la disciplina. – Aristóteles,FALSE,
SALUD,La moderación es el hilo de seda que corre a través de la perla de todas las virtudes. – Joseph Hall,FALSE,
SALUD,"Come poco, cena menos; que la salud de todo el cuerpo se fragua en la oficina del estómago. – Miguel de Cervantes",FALSE,
SALUD,La salud es el ahorro de la vida. – Proverbio Popular,FALSE,
SALUD,Un exterior saludable comienza desde el interior. – Robert Urich,FALSE,
SALUD,"La salud es un derecho, pero también una responsabilidad. – Anónimo",FALSE,
SALUD,No esperes a estar enfermo para valorar la salud. – Anónimo,FALSE,
SALUD,"La vida es corta, pero la mala salud la hace parecer larga. – Anónimo",FALSE,
SALUD,La salud es la música del cuerpo. – Anónimo,FALSE,
SALUD,El cuerpo es una máquina perfecta si el operario es sabio. – Anónimo,FALSE,
SALUD,"La salud no es el destino, es el vehículo para llegar a tus sueños. – Anónimo",FALSE,
SALUD,La prevención vale más que mil curas. – Erasmo de Rotterdam,FALSE,
SALUD,El optimismo es el mejor tónico. – Anónimo,FALSE,
SALUD,La salud es la poesía de la vida biológica. – Anónimo,FALSE,
SALUD,Ama a tu cuerpo para que tu alma quiera habitar en él. – Anónimo,FALSE,
EXITO,El éxito es la capacidad de ir de fracaso en fracaso sin perder el entusiasmo. – Winston Churchill.,FALSE,
EXITO,"No importa qué tan lento vayas, siempre y cuando no te detengas. – Confucio.",FALSE,
EXITO,"Nuestra mayor gloria no está en no caer nunca, sino en levantarnos cada vez que caemos. – Confucio.",FALSE,
EXITO,El éxito es 1% inspiración y 99% transpiración. – Thomas Edison.,FALSE,
EXITO,La caída no es un fracaso. El fracaso es quedarse donde uno se cayó. – Sócrates.,FALSE,
EXITO,El hombre que mueve montañas empieza apartando piedrecitas. – Proverbio Chino.,FALSE,
EXITO,"Para tener éxito, primero debemos creer que podemos. – Nikos Kazantzakis.",FALSE,
EXITO,"El éxito no es el final, el fracaso no es fatal: es el valor para continuar lo que cuenta. – Winston Churchill.",FALSE,
EXITO,La perseverancia es el trabajo duro que haces después de cansarte del trabajo duro que ya hiciste. – Newt Gingrich.,FALSE,
EXITO,Solo aquellos que se atreven a fracasar a lo grande pueden lograr mucho. – Robert F. Kennedy.,FALSE,
EXITO,"No intentes convertirte en un hombre de éxito, sino en un hombre de valor. – Albert Einstein.",FALSE,
EXITO,"El éxito consiste en obtener lo que se desea. La felicidad, en disfrutar lo que se obtiene. – Ralph Waldo Emerson.",FALSE,
EXITO,"Un hombre es un éxito si se levanta por la mañana y se acuesta por la noche, y entre medias hace lo que quiere hacer. – Bob Dylan.",FALSE,
EXITO,El éxito no es la clave de la felicidad. La felicidad es la clave del éxito. – Albert Schweitzer.,FALSE,
EXITO,"Si no diseñas tu propio plan de vida, es probable que caigas en el plan de otra persona. – Jim Rohn.",FALSE,
EXITO,El éxito es simplemente la aplicación diaria de la disciplina. – Jim Rohn.,FALSE,
EXITO,¿Qué es el éxito? Reír mucho y a menudo; ganar el respeto de personas inteligentes. – Ralph Waldo Emerson.,FALSE,
EXITO,El verdadero éxito es la superación de uno mismo. – Séneca.,FALSE,
EXITO,No hay éxito sin integridad. – Napoleon Hill.,FALSE,
EXITO,El éxito es la realización progresiva de un ideal digno. – Earl Nightingale.,FALSE,
EXITO,La felicidad de tu vida depende de la calidad de tus pensamientos. – Marco Aurelio.,FALSE,
EXITO,El impedimento para la acción avanza la acción. Lo que se interpone en el camino se convierte en el camino. – Marco Aurelio.,FALSE,
EXITO,"No es que tengamos poco tiempo, es que perdemos mucho. – Séneca.",FALSE,
EXITO,"Si quieres ser rico, no te afanes en aumentar tus bienes, sino en disminuir tu codicia. – Epicuro.",FALSE,
EXITO,La mejor venganza es ser diferente a quien causó el daño. – Marco Aurelio.,FALSE,
EXITO,Ningún hombre es libre si no es dueño de sí mismo. – Epicteto.,FALSE,
EXITO,"La riqueza no consiste en tener grandes posesiones, sino en tener pocas necesidades. – Epicteto.",FALSE,
EXITO,El éxito externo es un 'indiferente preferido'; la virtud es el único bien real. – Zenón de Citio.,FALSE,
EXITO,"No busques que los eventos sucedan como quieres, sino desea que sucedan como suceden. – Epicteto.",FALSE,
EXITO,La suerte es lo que sucede cuando la preparación se encuentra con la oportunidad. – Séneca.,FALSE,
EXITO,Saber no es suficiente; debemos aplicar. Querer no es suficiente; debemos hacer. – Johann Wolfgang von Goethe.,FALSE,
EXITO,El éxito es hijo de la audacia. – Benjamin Disraeli.,FALSE,
EXITO,"Solo se vive una vez, pero si lo haces bien, una vez es suficiente. – Mae West.",FALSE,
EXITO,El futuro depende de lo que hagas hoy. – Mahatma Gandhi.,FALSE,
EXITO,"Haz lo que puedas, con lo que tengas, donde estés. – Theodore Roosevelt.",FALSE,
EXITO,La mejor manera de predecir el futuro es creándolo. – Peter Drucker.,FALSE,
EXITO,El riesgo más grande es no correr ningún riesgo. – Mark Zuckerberg (filosofía moderna).,FALSE,
EXITO,Inicia donde estás. Usa lo que tienes. Haz lo que puedes. – Arthur Ashe.,FALSE,
EXITO,La acción es la clave fundamental de todo éxito. – Pablo Picasso.,FALSE,
EXITO,El camino hacia el éxito siempre está en construcción. – Lily Tomlin.,FALSE,
EXITO,"Tanto si piensas que puedes como si piensas que no puedes, tienes razón. – Henry Ford.",FALSE,
EXITO,La mente es todo. Te conviertes en lo que piensas. – Buda.,FALSE,
EXITO,"El éxito es un estado mental. Si quieres éxito, empieza a pensar en ti mismo como un éxito. – Joyce Brothers.",FALSE,
EXITO,Cambia tus pensamientos y cambiarás tu mundo. – Norman Vincent Peale.,FALSE,
EXITO,"El éxito no es para los que creen que pueden, sino para los que saben que pueden. – Anónimo.",FALSE,
EXITO,Nuestra vida es lo que nuestros pensamientos crean. – Marco Aurelio.,FALSE,
EXITO,La confianza en sí mismo es el primer secreto del éxito. – Ralph Waldo Emerson.,FALSE,
EXITO,Un hombre sabio creará más oportunidades de las que encuentra. – Francis Bacon.,FALSE,
EXITO,El entusiasmo es el motor del éxito. – Napoléon Bonaparte.,FALSE,
EXITO,Aquel que tiene un porqué para vivir se puede enfrentar a todos los cómos. – Friedrich Nietzsche.,FALSE,
EXITO,"Somos lo que hacemos repetidamente. La excelencia, entonces, no es un acto, sino un hábito. – Aristóteles.",FALSE,
EXITO,"La raíz de la educación es amarga, pero sus frutos son dulces. – Aristóteles.",FALSE,
EXITO,El placer en el trabajo pone la perfección en el trabajo. – Aristóteles.,FALSE,
EXITO,El éxito es la recompensa del esfuerzo bien dirigido. – Aristóteles (parafraseado).,FALSE,
EXITO,No basta con ganar la guerra; es más importante organizar la paz. – Aristóteles.,FALSE,
EXITO,"La inteligencia consiste no solo en el conocimiento, sino también en la destreza de aplicar los conocimientos en la práctica. – Aristóteles.",FALSE,
EXITO,"La victoria tiene muchas madres, pero la derrota es huérfana. – John F. Kennedy.",FALSE,
EXITO,"Donde tus talentos y las necesidades del mundo se cruzan, ahí está tu vocación. – Aristóteles.",FALSE,
EXITO,"La calidad no es un acto, es un hábito. – Aristóteles.",FALSE,
EXITO,"El ignorante afirma, el sabio duda y reflexiona. – Aristóteles.",FALSE,
EXITO,"Para evitar la crítica, no digas nada, no hagas nada, no seas nada. – Elbert Hubbard.",FALSE,
EXITO,El éxito es la mejor venganza. – Frank Sinatra.,FALSE,
EXITO,"Si quieres alcanzar la excelencia, puedes llegar allí hoy mismo. A partir de este segundo, deja de hacer un trabajo menos que excelente. – Thomas J. Watson.",FALSE,
EXITO,"El éxito atrae a los amigos, el fracaso los pone a prueba. – Publio Siro.",FALSE,
EXITO,"No conozco la clave del éxito, pero la clave del fracaso es tratar de complacer a todo el mundo. – Bill Cosby.",FALSE,
EXITO,"Un líder es alguien que conoce el camino, recorre el camino y muestra el camino. – John C. Maxwell.",FALSE,
EXITO,El éxito es un maestro terrible. Seduce a la gente inteligente a pensar que no pueden perder. – Bill Gates.,FALSE,
EXITO,El mayor error que puedes cometer en la vida es el miedo continuo a que cometerás uno. – Elbert Hubbard.,FALSE,
EXITO,"A menudo, el éxito se logra por aquellos que no saben que el fracaso es inevitable. – Coco Chanel.",FALSE,
EXITO,"La gente juzga el éxito por lo que ven, no por lo que sacrificaste. – Anónimo.",FALSE,
EXITO,El éxito sin honor es un plato sazonado que no quita el hambre. – Guadalupe Nettel.,FALSE,
EXITO,"Tu tiempo es limitado, así que no lo desperdicies viviendo la vida de alguien más. – Steve Jobs.",FALSE,
EXITO,El único lugar donde el éxito viene antes que el trabajo es en el diccionario. – Vidal Sassoon.,FALSE,
EXITO,El sentido de la vida es encontrar tu don. El propósito de la vida es entregarlo. – Pablo Picasso.,FALSE,
EXITO,"No cuentes los días, haz que los días cuenten. – Muhammad Ali.",FALSE,
EXITO,El éxito es dejar el mundo un poco mejor. – Bessie Anderson Stanley.,FALSE,
EXITO,Vive como si fueras a morir mañana. Aprende como si fueras a vivir siempre. – Mahatma Gandhi.,FALSE,
EXITO,"La pregunta no es quién me va a dejar, sino quién me va a detener. – Ayn Rand.",FALSE,
EXITO,"El éxito no es cuánto dinero tienes, sino la diferencia que marcas en la vida de las personas. – Michelle Obama.",FALSE,
EXITO,Haz lo que amas y el dinero seguirá. – Marsha Sinetar.,FALSE,
EXITO,"El hombre está condenado a ser libre; porque una vez lanzado al mundo, él es responsable de todo lo que hace. – Jean-Paul Sartre.",FALSE,
EXITO,La libertad es lo que haces con lo que te han hecho. – Jean-Paul Sartre.,FALSE,
EXITO,"En medio del invierno, aprendí por fin que había en mí un verano invencible. – Albert Camus.",FALSE,
EXITO,"El éxito no se mide por lo que logras, sino por la oposición que has encontrado. – Orison Swett Marden.",FALSE,
EXITO,Cada dificultad superada es un éxito acumulado. – Anónimo.,FALSE,
EXITO,La vida es un 10% lo que me pasa y un 90% cómo reacciono a ello. – Charles Swindoll.,FALSE,
EXITO,"No busques el camino rápido, busca el camino correcto. – Anónimo.",FALSE,
EXITO,Ser uno mismo en un mundo que constantemente intenta hacerte otra cosa es el mayor logro. – Ralph Waldo Emerson.,FALSE,
EXITO,"El éxito es el resultado de la preparación, el trabajo duro y aprender del fracaso. – Colin Powell.",FALSE,
EXITO,"Para tener éxito, tu deseo de éxito debe ser mayor que tu miedo al fracaso. – Bill Cosby.",FALSE,
EXITO,"Veni, Vidi, Vici (Vine, vi, vencí). – Julio César.",FALSE,
EXITO,Sapere Aude (Atrévete a saber). – Immanuel Kant.,FALSE,
EXITO,"El éxito es un viaje, no un destino. – Ben Sweetland.",FALSE,
EXITO,"Si puedes soñarlo, puedes hacerlo. – Walt Disney.",FALSE,
EXITO,La disciplina es el puente entre metas y logros. – Jim Rohn.,FALSE,
EXITO,El éxito es simplemente nunca rendirse. – Anónimo.,FALSE,
EXITO,Menos es más. – Ludwig Mies van der Rohe.,FALSE,
EXITO,"Pienso, luego existo. – René Descartes (el éxito de la conciencia).",FALSE,
EXITO,Todo lo que siempre has querido está al otro lado del miedo. – George Addair.,FALSE,
EXITO,El éxito es despertar cada mañana con el alma en paz. – Anónimo.,FALSE,
FELICIDAD,Aristóteles: La felicidad depende de nosotros mismos.,FALSE,
FELICIDAD,"Aristóteles: La felicidad es el significado y el propósito de la vida, todo el objetivo y el fin de la existencia humana.",FALSE,
FELICIDAD,"Sócrates: El secreto de la felicidad no se encuentra en la búsqueda de más, sino en el desarrollo de la capacidad para disfrutar de menos.",FALSE,
FELICIDAD,"Platón: El hombre que hace que todo lo que lleve a la felicidad dependa de él mismo, y no de los demás, ha adoptado el mejor plan para vivir feliz.",FALSE,
FELICIDAD,"Epicuro: No es lo que tenemos, sino lo que disfrutamos, lo que constituye nuestra abundancia.",FALSE,
FELICIDAD,"Epicuro: El que no considera lo que tiene como la riqueza más grande, es desdichado, aunque sea el dueño del mundo.",FALSE,
FELICIDAD,"Séneca: La verdadera felicidad es disfrutar del presente, sin dependencia ansiosa sobre el futuro.",FALSE,
FELICIDAD,"Séneca: Nadie puede vivir felizmente si solo se mira a sí mismo, si lo convierte todo en una cuestión de su propia utilidad.",FALSE,
FELICIDAD,Marco Aurelio: La felicidad de tu vida depende de la calidad de tus pensamientos.,FALSE,
FELICIDAD,"Marco Aurelio: Muy poco se necesita para hacer una vida feliz; está todo dentro de ti mismo, en tu forma de pensar.",FALSE,
FELICIDAD,Epicteto: Solo hay un camino hacia la felicidad y es dejar de preocuparse por las cosas que están más allá del poder de nuestra voluntad.,FALSE,
FELICIDAD,"Epicteto: La felicidad no consiste en adquirir y gozar, sino en no desear nada.",FALSE,
FELICIDAD,"Demócrito: La felicidad no reside en las posesiones, ni en el oro, la felicidad habita en el alma.",FALSE,
FELICIDAD,Pitágoras: No digas que eres feliz antes de que hayas muerto. (Haciendo referencia a la integridad de una vida completa).,FALSE,
FELICIDAD,"Heráclito: Si la felicidad consistiera en los placeres del cuerpo, llamaríamos felices a los bueyes cuando encuentran algarrobas para comer.",FALSE,
FELICIDAD,Buda: No hay camino a la felicidad: la felicidad es el camino.,FALSE,
FELICIDAD,Buda: La paz viene de adentro. No la busques afuera.,FALSE,
FELICIDAD,"Buda: Miles de velas pueden encenderse a partir de una sola, y la vida de esa vela no se acortará. La felicidad nunca disminuye al ser compartida.",FALSE,
FELICIDAD,"Lao Tse: Si estás deprimido, estás viviendo en el pasado. Si estás ansioso, estás viviendo en el futuro. Si estás en paz, estás viviendo en el presente.",FALSE,
FELICIDAD,"Lao Tse: Al darse cuenta de que nada falta, el mundo entero le pertenece a uno.",FALSE,
FELICIDAD,"Confucio: Cuanto más medita el hombre en los buenos pensamientos, mejor será su mundo y el mundo en general.",FALSE,
FELICIDAD,"Confucio: Todos los hombres desean la felicidad, pero pocos la buscan en la moderación.",FALSE,
FELICIDAD,Zhuangzi: La felicidad es la ausencia de la búsqueda de la felicidad.,FALSE,
FELICIDAD,"Rumi: Tu tarea no es buscar el amor, sino simplemente buscar y encontrar todas las barreras dentro de ti que has construido contra él.",FALSE,
FELICIDAD,"Mahatma Gandhi: La felicidad es cuando lo que piensas, lo que dices y lo que haces están en armonía.",TRUE,2026-03-09
FELICIDAD,Jiddu Krishnamurti: La felicidad es extraña; llega cuando no la buscas.,FALSE,
FELICIDAD,"Lin Yutang: Si puedes pasar una tarde perfectamente inútil de una manera perfectamente inútil, has aprendido a vivir.",FALSE,
FELICIDAD,"Kahlil Gibran: Vuestros hijos no son vuestros hijos... ellos vienen a través de ti, pero no de ti. (Sobre la felicidad de la libertad).",FALSE,
FELICIDAD,Sun Tzu: La suprema felicidad es la paz.,FALSE,
FELICIDAD,"Proverbio Zen: Si no puedes encontrar la felicidad en el lugar donde estás, ¿dónde esperas encontrarla?",FALSE,
FELICIDAD,"Immanuel Kant: La felicidad no es un ideal de la razón, sino de la imaginación.",FALSE,
FELICIDAD,"Immanuel Kant: Para ser feliz se necesita algo que hacer, alguien a quien amar y algo que esperar.",FALSE,
FELICIDAD,"Baruch Spinoza: La felicidad no es el premio de la virtud, sino la virtud misma.",FALSE,
FELICIDAD,John Stuart Mill: He aprendido a buscar mi felicidad limitando mis deseos en vez de satisfacerlos.,FALSE,
FELICIDAD,John Stuart Mill: Es mejor ser un ser humano insatisfecho que un cerdo satisfecho; mejor ser Sócrates insatisfecho que un necio satisfecho.,FALSE,
FELICIDAD,"David Hume: La felicidad de la vida consiste en tener siempre algo que hacer, alguien a quien amar y algo que esperar. (Coincidiendo con Kant).",FALSE,
FELICIDAD,Voltaire: He decidido ser feliz porque es bueno para la salud.,FALSE,
FELICIDAD,"Voltaire: Buscamos la felicidad, pero sin saber dónde, como los borrachos buscan su casa, sabiendo que tienen una.",FALSE,
FELICIDAD,Jean-Jacques Rousseau: El dinero que se tiene es el instrumento de la libertad; el que se busca es el de la servidumbre.,FALSE,
FELICIDAD,Blaise Pascal: Todos los hombres buscan ser felices. Esto no tiene excepción.,FALSE,
FELICIDAD,"Blaise Pascal: La felicidad es un artículo de maravilla: cuanto más se da, más le queda a uno.",FALSE,
FELICIDAD,"Montesquieu: Si solo quisiéramos ser felices, sería fácil; pero queremos ser más felices que los demás.",FALSE,
FELICIDAD,"Thomas Jefferson: No es la riqueza ni el esplendor, sino la tranquilidad y el trabajo los que proporcionan la felicidad.",FALSE,
FELICIDAD,Denis Diderot: Solo hay un deber y es el de ser feliz.,FALSE,
FELICIDAD,Gottfried Leibniz: Amar es encontrar la propia felicidad en la felicidad de otro.,FALSE,
FELICIDAD,"Friedrich Nietzsche: La felicidad es el sentimiento de que el poder crece, de que una resistencia ha sido superada.",FALSE,
FELICIDAD,"Friedrich Nietzsche: El destino de los hombres está hecho de momentos felices, toda la vida no los tiene, pero sí momentos felices.",FALSE,
FELICIDAD,Arthur Schopenhauer: La felicidad consiste en la repetición frecuente del placer.,FALSE,
FELICIDAD,"Arthur Schopenhauer: Es difícil encontrar la felicidad dentro de uno mismo, pero es imposible encontrarla en otro lugar.",FALSE,
FELICIDAD,"Arthur Schopenhauer: Nuestra felicidad depende de lo que somos, de nuestra individualidad, mientras que a menudo solo tenemos en cuenta nuestro destino.",FALSE,
FELICIDAD,"Søren Kierkegaard: La puerta de la felicidad se abre hacia fuera; quien trata de derribarla hacia dentro, la cierra.",FALSE,
FELICIDAD,Søren Kierkegaard: La mayoría de los hombres persiguen el placer con tal premura que pasan de largo por delante de la felicidad.,FALSE,
FELICIDAD,Albert Camus: Nunca serás feliz si sigues buscando en qué consiste la felicidad. Nunca vivirás si buscas el significado de la vida.,FALSE,
FELICIDAD,"Albert Camus: Pero, ¿qué es la felicidad sino la sencilla armonía entre un hombre y la vida que lleva?",FALSE,
FELICIDAD,"Jean-Paul Sartre: La felicidad no es hacer lo que uno quiere, sino querer lo que uno hace.",FALSE,
FELICIDAD,"Simone de Beauvoir: En sí misma, la homosexualidad es tan limitante como la heterosexualidad: lo ideal debería ser capaz de amar a una mujer o a un hombre; a cualquier ser humano, sin sentir miedo, inhibición o obligación. (Sobre la felicidad de la autenticidad).",FALSE,
FELICIDAD,Ralph Waldo Emerson: Por cada minuto que estás enojado pierdes sesenta segundos de felicidad.,FALSE,
FELICIDAD,"Henry David Thoreau: La felicidad es como una mariposa; cuanto más la persigues, más se te escapa. Pero si te sientas tranquilamente, puede posarse sobre ti.",FALSE,
FELICIDAD,Fiódor Dostoyevski: El hombre es infeliz porque no sabe que es feliz. Eso es todo.,FALSE,
FELICIDAD,"Leo Tolstoy: Si quieres ser feliz, sé.",FALSE,
FELICIDAD,"Bertrand Russell: De todas las formas de precaución, la precaución en el amor es quizás la más fatal para la verdadera felicidad.",FALSE,
FELICIDAD,Bertrand Russell: La felicidad que es puramente física y personal no es de mucha importancia.,FALSE,
FELICIDAD,Viktor Frankl: La felicidad no puede ser perseguida; debe ser una consecuencia de vivir una vida con sentido.,FALSE,
FELICIDAD,Viktor Frankl: A un hombre se le puede quitar todo excepto una cosa: la última de las libertades humanas —la elección de la actitud personal ante un conjunto de circunstancias—.,FALSE,
FELICIDAD,Erich Fromm: La felicidad es el indicador de que el hombre ha encontrado la respuesta al problema de la existencia humana.,FALSE,
FELICIDAD,Hannah Arendt: La felicidad pública consiste en el derecho del ciudadano a acceder a la esfera pública.,FALSE,
FELICIDAD,José Ortega y Gasset: Felicidad es la vida dedicada a ocupaciones para las cuales cada hombre tiene vocación.,FALSE,
FELICIDAD,Jorge Luis Borges: He cometido el peor pecado que un hombre puede cometer. No he sido feliz.,FALSE,
FELICIDAD,Aldous Huxley: La felicidad no se logra mediante la búsqueda consciente de la felicidad; es generalmente el subproducto de otras actividades.,FALSE,
FELICIDAD,C.S. Lewis: La alegría es el negocio serio del cielo.,FALSE,
FELICIDAD,Michel Foucault: No me preguntes quién soy y no me pidas que permanezca invariable. (La felicidad como cambio).,FALSE,
FELICIDAD,"Zygmunt Bauman: En una sociedad de consumo, la felicidad es el estado de estar en el proceso de comprar. (Crítica).",FALSE,
FELICIDAD,"Albert Einstein: Una mesa, una silla, un cuenco de fruta y un violín; ¿qué más necesita un hombre para ser feliz?",FALSE,
FELICIDAD,"Albert Einstein: Si quieres vivir una vida feliz, átala a una meta, no a personas o cosas.",FALSE,
FELICIDAD,William James: El éxito o el fracaso dependen más de la actitud que de la capacidad.,FALSE,
FELICIDAD,"Anónimo: La felicidad es una dirección, no un lugar.",FALSE,
FELICIDAD,Stendhal: La belleza es una promesa de felicidad.,FALSE,
FELICIDAD,"Oscar Wilde: Algunos causan felicidad allá donde van; otros, siempre que se van.",FALSE,
FELICIDAD,"Oscar Wilde: Vivir es lo más raro del mundo. La mayoría de la gente existe, eso es todo.",FALSE,
FELICIDAD,Mark Twain: La mejor manera de alegrarte a ti mismo es intentar alegrar a alguien más.,FALSE,
FELICIDAD,"Hermann Hesse: La felicidad es amor, nada más. El que sabe amar es feliz.",FALSE,
FELICIDAD,"Franklin D. Roosevelt: La felicidad no reside en la mera posesión de dinero; reside en la alegría del logro, en la emoción del esfuerzo creativo.",FALSE,
FELICIDAD,Helen Keller: Tu éxito y felicidad dependen de ti. Decide mantenerte feliz y tu alegría y tú formaréis un anfitrión invencible contra las dificultades.,FALSE,
FELICIDAD,"Benjamin Franklin: La felicidad humana no se logra con grandes golpes de suerte, que pueden ocurrir raras veces, sino con pequeñas cosas que ocurren todos los días.",FALSE,
FELICIDAD,Ernest Hemingway: La felicidad en la gente inteligente es la cosa más rara que conozco.,FALSE,
FELICIDAD,George Bernard Shaw: No tenemos más derecho a consumir felicidad sin producirla que a consumir riqueza sin producirla.,FALSE,
FELICIDAD,"Winston Churchill: El éxito no es el final, el fracaso no es fatal: es el coraje para continuar lo que cuenta.",FALSE,
FELICIDAD,"Eleanor Roosevelt: Alguien me preguntó una vez cuál creía que era la cualidad más importante para ser feliz, y respondí: 'La capacidad de asombro'.",TRUE,2026-03-09
FELICIDAD,Anatole France: Es mejor entender poco que entender mal.,FALSE,
FELICIDAD,Graham Greene: Siempre hay un momento en la infancia cuando la puerta se abre y deja entrar al futuro.,FALSE,
FELICIDAD,Gabriel García Márquez: No hay medicina que cure lo que no cura la felicidad.,FALSE,
FELICIDAD,"Julio Cortázar: Cada vez que entres en un lugar, no olvides que la felicidad está en los detalles.",FALSE,
FELICIDAD,"Friedrich Schiller: Aquel que ha hecho lo mejor para su tiempo, ha vivido para todos los tiempos.",FALSE,
FELICIDAD,Dalai Lama: La felicidad no es algo que ya esté hecho. Viene de tus propias acciones.,FALSE,
FELICIDAD,"Thich Nhat Hanh: No hay camino hacia la paz, la paz es el camino.",FALSE,
FELICIDAD,Simone Weil: La atención es la forma más rara y pura de generosidad.,FALSE,
FELICIDAD,"Søren Kierkegaard: La vida solo puede ser comprendida mirando hacia atrás, pero debe ser vivida mirando hacia adelante.",FALSE,
FELICIDAD,Sigmund Freud: La ciencia moderna aún no ha producido un medicamento tranquilizador tan eficaz como lo son unas pocas palabras bondadosas.,FALSE,
FELICIDAD,"Wayne Dyer: Si cambias la forma en que miras las cosas, las cosas que miras cambian.",FALSE,
FELICIDAD,Séneca (para cerrar el círculo): Lánguida es la felicidad que no tiene enemigos.,FALSE,
TIEMPO,"Séneca: No es que tengamos poco tiempo, sino que perdemos mucho.",FALSE,
TIEMPO,"Marco Aurelio: El tiempo es un río de eventos que pasan, y su corriente es fuerte.",FALSE,
TIEMPO,Platón: El tiempo es la imagen móvil de la eternidad.,FALSE,
TIEMPO,Aristóteles: El tiempo es la medida del movimiento según el antes y el después.,FALSE,
TIEMPO,Heráclito: Nadie se baña dos veces en el mismo río.,FALSE,
TIEMPO,Séneca: La vida es larga si sabes cómo usarla.,FALSE,
TIEMPO,"Epicuro: El sabio no teme al tiempo, pues el placer no aumenta con la duración.",FALSE,
TIEMPO,Marco Aurelio: No actúes como si fueras a vivir diez mil años. El destino pende sobre ti.,FALSE,
TIEMPO,"Cicerón: El tiempo lo borra todo, pero la verdad permanece.",FALSE,
TIEMPO,Ovidio: El tiempo es el devorador de todas las cosas.,FALSE,
TIEMPO,"Séneca: Mientras esperamos vivir, la vida pasa.",FALSE,
TIEMPO,Plutarco: El tiempo es el más sabio de todos los consejeros.,FALSE,
TIEMPO,Heráclito: El tiempo es un niño que juega a los dados.,FALSE,
TIEMPO,Virgilio: Tempus fugit (El tiempo huye).,FALSE,
TIEMPO,Horacio: Carpe diem (Cosecha el día).,FALSE,
TIEMPO,Jorge Luis Borges: El tiempo es la sustancia de la que estoy hecho.,FALSE,
TIEMPO,Martin Heidegger: El ser es tiempo.,FALSE,
TIEMPO,Jean-Paul Sartre: El hombre es lo que hace con lo que hicieron de él en el tiempo.,FALSE,
TIEMPO,Friedrich Nietzsche: El presente es el punto de encuentro de la eternidad.,FALSE,
TIEMPO,"Søren Kierkegaard: La vida solo puede ser comprendida mirando hacia atrás, pero debe ser vivida hacia adelante.",FALSE,
TIEMPO,Miguel de Unamuno: El tiempo es la sangre de nuestra alma.,FALSE,
TIEMPO,"Albert Camus: No es el futuro lo que nos angustia, sino el deseo de que el presente sea eterno.",FALSE,
TIEMPO,"Borges: El tiempo es un río que me arrebata, pero yo soy el río.",FALSE,
TIEMPO,"Simone de Beauvoir: El tiempo es un flujo que no se detiene, pero que podemos habitar.",FALSE,
TIEMPO,Nietzsche: El eterno retorno: ¿vivirías este instante una y otra vez?.,FALSE,
TIEMPO,Heidegger: La esencia del tiempo es su finitud.,FALSE,
TIEMPO,Sartre: Dios es el único ser que no necesita el tiempo.,FALSE,
TIEMPO,"Borges: El futuro no es lo que va a pasar, sino lo que vamos a hacer.",FALSE,
TIEMPO,Unamuno: Mañana es la mentira con que nos consolamos de hoy.,FALSE,
TIEMPO,"José Ortega y Gasset: Yo soy yo y mi circunstancia, y si no la salvo a ella, no me salvo yo (en el tiempo).",FALSE,
TIEMPO,"Albert Einstein: El tiempo es una ilusión, aunque sea una muy persistente.",FALSE,
TIEMPO,Isaac Newton: El tiempo absoluto fluye de manera uniforme sin relación con nada externo.,FALSE,
TIEMPO,Stephen Hawking: El tiempo comenzó con el Big Bang; no hay un 'antes'.,FALSE,
TIEMPO,Blaise Pascal: El presente nunca es nuestro fin. El pasado y el presente son medios; solo el futuro es nuestro fin.,FALSE,
TIEMPO,"Immanuel Kant: El tiempo no es algo que exista por sí mismo, sino una forma de nuestra percepción.",FALSE,
TIEMPO,Gottfried Leibniz: El tiempo es el orden de las sucesiones.,FALSE,
TIEMPO,Arthur Eddington: La flecha del tiempo apunta hacia el aumento del desorden.,FALSE,
TIEMPO,"Henri Bergson: El tiempo real es la duración vivida, no el tiempo del reloj.",FALSE,
TIEMPO,"Einstein: Cuando cortejas a una chica bella, una hora parece un segundo. Cuando te sientas sobre carbón ardiendo, un segundo parece una hora.",FALSE,
TIEMPO,Carl Sagan: Somos el medio para que el cosmos se conozca a sí mismo a través del tiempo.,FALSE,
TIEMPO,"Baruch Spinoza: La eternidad no es duración, sino una forma del pensamiento.",FALSE,
TIEMPO,David Hume: El tiempo es solo una sucesión de ideas e impresiones.,FALSE,
TIEMPO,Richard Feynman: El tiempo es lo que ocurre cuando no pasa nada más.,FALSE,
TIEMPO,"Stephen Hawking: Incluso si el tiempo se detuviera, el universo seguiría ahí.",FALSE,
TIEMPO,Blaise Pascal: Nuestra naturaleza está en el movimiento; el reposo absoluto es la muerte.,FALSE,
TIEMPO,Buda: El problema es que crees que tienes tiempo.,FALSE,
TIEMPO,"Lao Tsé: La naturaleza no se apresura, sin embargo, todo se logra.",FALSE,
TIEMPO,"Proverbio Zen: Si tienes un ojo en el pasado y otro en el futuro, estarás bizco en el presente.",FALSE,
TIEMPO,"Confucio: No importa lo lento que vayas, siempre y cuando no te detengas.",FALSE,
TIEMPO,"Dōgen: El tiempo mismo es ser, y todo ser es tiempo.",FALSE,
TIEMPO,"Rumi: Ayer era inteligente, por eso quería cambiar el mundo. Hoy soy sabio, por eso me cambio a mí mismo.",FALSE,
TIEMPO,"Lao Tsé: Si estás deprimido, vives en el pasado. Si estás ansioso, vives en el futuro.",FALSE,
TIEMPO,Gandhi: El futuro depende de lo que hagas hoy.,FALSE,
TIEMPO,Proverbio Chino: El mejor momento para plantar un árbol fue hace 20 años. El segundo mejor momento es ahora.,FALSE,
TIEMPO,Krishnamurti: La libertad es encontrarse en el presente sin el peso del pasado.,FALSE,
TIEMPO,"Zhuangzi: El hombre sabio no mide el tiempo, sino la profundidad de sus actos.",FALSE,
TIEMPO,Buda: Cada mañana nacemos de nuevo. Lo que hacemos hoy es lo que más importa.,FALSE,
TIEMPO,Sun Tzu: El tiempo es el recurso más crítico para la victoria.,FALSE,
TIEMPO,Proverbio Japonés: Incluso una piedra de mil años puede ser movida por un solo instante.,FALSE,
TIEMPO,Rabindranath Tagore: No puedes cruzar el mar simplemente mirando el agua.,FALSE,
TIEMPO,"William Shakespeare: El tiempo es muy lento para los que esperan, muy rápido para los que temen.",FALSE,
TIEMPO,Marcel Proust: El tiempo que tenemos a nuestra disposición es elástico.,FALSE,
TIEMPO,Antonio Machado: Hoy es siempre todavía.,FALSE,
TIEMPO,Octavio Paz: El presente es el único tiempo de que disponemos.,FALSE,
TIEMPO,"Victor Hugo: El futuro tiene muchos nombres. Para los débiles es lo inalcanzable. Para los temerosos, lo desconocido. Para los valientes es la oportunidad.",FALSE,
TIEMPO,T.S. Eliot: El tiempo presente y el tiempo pasado están ambos presentes en el tiempo futuro.,FALSE,
TIEMPO,Charles Baudelaire: ¡Oh Tiempo! ¡Devorador de los hombres!.,FALSE,
TIEMPO,Emily Dickinson: Para siempre está compuesto de muchos ahoras.,FALSE,
TIEMPO,"Fedor Dostoievski: El hombre es un animal que se acostumbra a todo, incluso al paso del tiempo.",FALSE,
TIEMPO,"Gabriel García Márquez: El tiempo no pasa, sino que da vueltas en redondo.",FALSE,
TIEMPO,Franz Kafka: El tiempo es un camino que no termina.,FALSE,
TIEMPO,"Lope de Vega: El tiempo lo que no puede, el tiempo lo que no cura.",FALSE,
TIEMPO,Oscar Wilde: La única forma de vencer al tiempo es a través del arte.,FALSE,
TIEMPO,"Virginia Woolf: El tiempo pasa, pero las personas cambian más lento.",FALSE,
TIEMPO,"Pablo Neruda: Nosotros, los de entonces, ya no somos los mismos.",FALSE,
TIEMPO,Benjamin Franklin: El tiempo es dinero.,FALSE,
TIEMPO,Arthur Schopenhauer: La gente común solo piensa en cómo pasar el tiempo; un hombre de talento trata de usarlo.,FALSE,
TIEMPO,"San Agustín: ¿Qué es el tiempo? Si nadie me lo pregunta, lo sé; si quiero explicarlo, no lo sé.",FALSE,
TIEMPO,Francis Bacon: Para dominar la naturaleza hay que obedecerla (y a sus tiempos).,FALSE,
TIEMPO,Thomas Jefferson: No dejes para mañana lo que puedas hacer hoy.,FALSE,
TIEMPO,Erasmo de Rotterdam: El tiempo es el padre de la verdad.,FALSE,
TIEMPO,"Miguel de Cervantes: Confía en el tiempo, que suele dar dulces salidas a muchas amargas dificultades.",FALSE,
TIEMPO,Elias Canetti: El tiempo es la única cosa que no se puede poseer.,FALSE,
TIEMPO,"Milan Kundera: El tiempo no corre, sino que se despliega.",FALSE,
TIEMPO,Hannah Arendt: El perdón es la única manera de revertir el pasado.,FALSE,
TIEMPO,Bertrand Russell: El tiempo que disfrutas perdiendo no es tiempo perdido.,FALSE,
TIEMPO,"Steve Jobs: Tu tiempo es limitado, así que no lo malgastes viviendo la vida de otro.",FALSE,
TIEMPO,"G.K. Chesterton: No hay días aburridos, solo personas que no miran el tiempo con asombro.",FALSE,
TIEMPO,C.S. Lewis: El futuro es algo que cada uno alcanza a un ritmo de sesenta minutos por hora.,FALSE,
TIEMPO,"Baltasar Gracián: Todo lo que realmente nos pertenece es el tiempo; incluso aquel que no tiene nada más, lo tiene.",FALSE,
TIEMPO,"Epicuro: La muerte no nos concierne, pues mientras existimos, ella no está; y cuando ella llega, nosotros ya no somos.",FALSE,
TIEMPO,William Faulkner: El pasado nunca muere. Ni siquiera es pasado.,FALSE,
TIEMPO,"Friedrich Schiller: Tres veces camina el tiempo: lento el futuro, veloz el presente, inmóvil el pasado.",FALSE,
TIEMPO,"Anaximandro: Las cosas perecen según la necesidad, pues se rinden cuentas por sus injusticias según el orden del tiempo.",FALSE,
TIEMPO,Paul Valéry: El problema de nuestro tiempo es que el futuro ya no es lo que solía ser.,FALSE,
TIEMPO,Henry David Thoreau: El tiempo no es sino el río en el que voy a pescar.,TRUE,2026-03-09
TIEMPO,"Emil Cioran: Estamos todos en el fondo de un infierno, cada instante del cual es un milagro.",FALSE,
TIEMPO,"Sigmund Freud: En el inconsciente, el tiempo no existe.",FALSE,
TIEMPO,"Ludwig Wittgenstein: Si por eternidad se entiende no una duración infinita sino la falta de tiempo, entonces vive eternamente quien vive en el presente.",FALSE,
TIEMPO,Anónimo: El tiempo es el único juez que nunca se equivoca.,FALSE,
SOLEDAD,La soledad es la suerte de todos los espíritus excelentes. — Arthur Schopenhauer.,FALSE,
SOLEDAD,Un hombre puede ser él mismo solo mientras esté solo. — Arthur Schopenhauer.,FALSE,
SOLEDAD,La soledad es el lugar donde se encuentran las verdades. — Séneca.,FALSE,
SOLEDAD,"El hombre que no sabe estar solo, no sabe ser libre. — Séneca.",FALSE,
SOLEDAD,"Quien no ama la soledad, no ama la libertad. — Arthur Schopenhauer.",FALSE,
SOLEDAD,La soledad es para el espíritu lo que la dieta es para el cuerpo. — Luc de Clapiers.,FALSE,
SOLEDAD,Vivir solo es el destino de todas las almas grandes. — Aldous Huxley.,FALSE,
SOLEDAD,La soledad es el imperio de la conciencia. — Gustavo Adolfo Bécquer.,FALSE,
SOLEDAD,"En la soledad, el solitario se devora a sí mismo; en la multitud, lo devoran los muchos. — Friedrich Nietzsche.",FALSE,
SOLEDAD,Solo en la soledad se siente la sed de la verdad. — María Zambrano.,FALSE,
SOLEDAD,"Estamos solos, sin excusas. — Jean-Paul Sartre.",FALSE,
SOLEDAD,El infierno son los otros. — Jean-Paul Sartre.,FALSE,
SOLEDAD,"Nacemos solos, vivimos solos, morimos solos. — Orson Welles.",FALSE,
SOLEDAD,La soledad es el fondo último de la condición humana. — Octavio Paz.,FALSE,
SOLEDAD,El hombre está condenado a ser libre. — Jean-Paul Sartre.,FALSE,
SOLEDAD,La verdadera soledad es vivir entre todas estas personas amables que solo te piden que finjas. — Edith Wharton.,FALSE,
SOLEDAD,Sentirse solo entre la gente es la peor forma de soledad. — Fiódor Dostoyevski.,FALSE,
SOLEDAD,La soledad es una forma de libertad que a veces pesa demasiado. — Albert Camus.,FALSE,
SOLEDAD,Nadie puede construir por ti el puente sobre el cual debes cruzar el río de la vida. — Friedrich Nietzsche.,FALSE,
SOLEDAD,Cada uno de nosotros está en una burbuja de soledad. — Jean Baudrillard.,FALSE,
SOLEDAD,La soledad es la presencia de uno mismo. — Mary Sarton.,FALSE,
SOLEDAD,La desolación es la soledad que duele. — Paul Tillich.,FALSE,
SOLEDAD,Nunca encontré una compañera tan sociable como la soledad. — Henry David Thoreau.,FALSE,
SOLEDAD,"Si te sientes solo cuando estás solo, estás en mala compañía. — Jean-Paul Sartre.",FALSE,
SOLEDAD,Estar solo no es lo mismo que estar solitario. — Osho.,FALSE,
SOLEDAD,"La soledad es un estado de plenitud, la desolación es un estado de vacío. — Anthony de Mello.",FALSE,
SOLEDAD,"El solitario es un disminuido, el que sabe estar solo es un hombre completo. — Jiddu Krishnamurti.",FALSE,
SOLEDAD,A veces es necesario retirarse del mundo para poder verlo. — Thomas Merton.,FALSE,
SOLEDAD,La soledad es un jardín donde el alma florece. — Proverbio sufí.,FALSE,
SOLEDAD,No hay nada más solitario que un matrimonio infeliz. — Anónimo.,FALSE,
SOLEDAD,El secreto de una buena vejez no es otra cosa que un pacto honrado con la soledad. — Gabriel García Márquez.,FALSE,
SOLEDAD,La soledad era el aire que ella respiraba. — Gabriel García Márquez.,FALSE,
SOLEDAD,La soledad es muy hermosa... cuando se tiene alguien a quien decírselo. — Gustavo Adolfo Bécquer.,FALSE,
SOLEDAD,Mi soledad no tiene nada que ver con la presencia o ausencia de personas. — James Baldwin.,FALSE,
SOLEDAD,"Escribo para estar solo, y porque estoy solo. — Fernando Pessoa.",FALSE,
SOLEDAD,A veces el silencio es la conversación más profunda. — Paulo Coelho.,FALSE,
SOLEDAD,La soledad es el precio de la libertad. — Carmen Alborch.,FALSE,
SOLEDAD,Todo lo que es grande se hace en la soledad. — Maurice Maeterlinck.,FALSE,
SOLEDAD,"Andábamos sin buscarnos, pero sabiendo que andábamos para encontrarnos. — Julio Cortázar.",FALSE,
SOLEDAD,"Me gusta mi soledad, pero prefiero compartirla contigo. — Jorge Bucay.",FALSE,
SOLEDAD,El silencio es el sueño que nutre la sabiduría. — Francis Bacon.,FALSE,
SOLEDAD,"La palabra es plata, el silencio es oro. — Proverbio antiguo.",FALSE,
SOLEDAD,"En el silencio, el hombre escucha su propia voz. — C.G. Jung.",FALSE,
SOLEDAD,La soledad es el taller de la deidad. — Proverbio hindú.,FALSE,
SOLEDAD,"Quien no comprende tu silencio, probablemente no comprenderá tus palabras. — Elbert Hubbard.",FALSE,
SOLEDAD,La meditación es el arte de estar solo sin sentirse solo. — Osho.,FALSE,
SOLEDAD,El ruido exterior solo oculta el vacío interior. — Blaise Pascal.,FALSE,
SOLEDAD,Todas las desgracias del hombre derivan de no saber quedarse tranquilo en una habitación. — Blaise Pascal.,FALSE,
SOLEDAD,La soledad es el eco de un alma que busca su centro. — Ralph Waldo Emerson.,FALSE,
SOLEDAD,Solo en el silencio puedes escuchar lo que el universo tiene que decirte. — Rumi.,FALSE,
SOLEDAD,Quien es capaz de vivir solo es una bestia o un dios. — Aristóteles.,FALSE,
SOLEDAD,"Retírate dentro de ti mismo, pero primero prepárate para recibirte. — Epicteto.",FALSE,
SOLEDAD,"Busca la soledad, pero no huyas de los hombres. — Marco Aurelio.",FALSE,
SOLEDAD,La felicidad consiste en no necesitar a nadie. — Epicuro.,FALSE,
SOLEDAD,"Aquel que tiene un 'porqué' para vivir, puede soportar casi cualquier 'cómo'. — Viktor Frankl (citando a Nietzsche).",FALSE,
SOLEDAD,La soledad es un refugio para el sabio y una cárcel para el necio. — Proverbio latino.,FALSE,
SOLEDAD,El sabio se basta a sí mismo. — Séneca.,FALSE,
SOLEDAD,"Nada es tan insoportable para el hombre como estar en pleno reposo, sin pasiones, sin quehacer, sin diversión. — Blaise Pascal.",FALSE,
SOLEDAD,"El que se busca a sí mismo en los demás, nunca se encuentra. — Lao Tzu.",FALSE,
SOLEDAD,La quietud es la madre de todas las cosas. — Lao Tzu.,FALSE,
SOLEDAD,La soledad es el hambre del alma por la conexión. — Anónimo.,FALSE,
SOLEDAD,"El peor sentimiento no es estar solo, sino estar olvidado por alguien que no puedes olvidar. — Anónimo.",FALSE,
SOLEDAD,La soledad es un monstruo que devora la esperanza. — Victor Hugo.,FALSE,
SOLEDAD,No hay soledad más triste que la de un hombre sin amigos. — Francis Bacon.,FALSE,
SOLEDAD,La soledad duele cuando no la has elegido. — Erich Fromm.,FALSE,
SOLEDAD,"El hombre es un animal social, y la soledad es su castigo. — Aristóteles.",FALSE,
SOLEDAD,"La soledad es una enfermedad que se cura con amor, pero se previene con amistad. — Anónimo.",FALSE,
SOLEDAD,Morir es estar solo para siempre. — Emily Dickinson.,FALSE,
SOLEDAD,La soledad es el frío del alma. — Friedrich Schiller.,FALSE,
SOLEDAD,"A veces, el vacío es tan grande que no cabe en el pecho. — Anónimo.",FALSE,
SOLEDAD,"Hoy estamos más conectados que nunca, pero más solos que siempre. — Zygmunt Bauman.",FALSE,
SOLEDAD,La soledad electrónica es la más profunda de todas. — Sherry Turkle.,FALSE,
SOLEDAD,El consumo es una forma de llenar el vacío de la soledad. — Erich Fromm.,FALSE,
SOLEDAD,Vivimos en una sociedad de la exposición donde la soledad es vista como un fracaso. — Byung-Chul Han.,FALSE,
SOLEDAD,El individualismo nos ha dejado solos en una multitud. — Gilles Lipovetsky.,FALSE,
SOLEDAD,"La soledad no es la falta de compañía, sino la falta de propósito compartido. — Hannah Arendt.",FALSE,
SOLEDAD,"En las redes sociales, la soledad se disfraza de 'likes'. — Anónimo.",FALSE,
SOLEDAD,La soledad moderna es el silencio entre dos notificaciones. — Anónimo.,FALSE,
SOLEDAD,Nadie está más solo que aquel que siempre está 'disponible'. — Anónimo.,FALSE,
SOLEDAD,La verdadera conexión requiere el riesgo de la soledad. — Thomas Moore.,FALSE,
SOLEDAD,"Sin una gran soledad, ningún trabajo serio es posible. — Pablo Picasso.",FALSE,
SOLEDAD,La creatividad nace del silencio. — Wolfgang Amadeus Mozart.,FALSE,
SOLEDAD,Estar solo es el secreto de la invención; estar solo es cuando nacen las ideas. — Nikola Tesla.,FALSE,
SOLEDAD,El arte es el hijo de la soledad. — Marcel Proust.,FALSE,
SOLEDAD,Solo en la soledad la mente se agudiza. — Isaac Newton.,FALSE,
SOLEDAD,"La inspiración necesita paz, y la paz necesita soledad. — Virginia Woolf.",FALSE,
SOLEDAD,"El genio vive en la soledad, el talento en la sociedad. — Maurice Barrès.",FALSE,
SOLEDAD,La escritura es una soledad compartida. — Marguerite Duras.,FALSE,
SOLEDAD,La música es la soledad que se vuelve sonido. — Anónimo.,FALSE,
SOLEDAD,"Para crear, uno debe ser capaz de estar solo consigo mismo. — Louise Bourgeois.",FALSE,
SOLEDAD,"Soledad: un buen lugar para visitar, pero un mal lugar para quedarse. — Josh Billings.",FALSE,
SOLEDAD,La soledad es el precio de la originalidad.,FALSE,
SOLEDAD,Solo el solitario conoce la verdadera alegría de la compañía.,FALSE,
SOLEDAD,La soledad es el espejo del alma.,FALSE,
SOLEDAD,No temas a la soledad; témele a la mala compañía.,FALSE,
SOLEDAD,La soledad es un maestro severo pero justo.,FALSE,
SOLEDAD,Estar solo es un arte; sentirse solo es una tragedia.,FALSE,
SOLEDAD,La soledad es el puente hacia lo divino.,FALSE,
SOLEDAD,"Quien se tiene a sí mismo, nunca está solo.",FALSE,
SOLEDAD,"La soledad es, al final, nuestro único hogar verdadero.",FALSE,